FIELD,ID,RA_y,DEC_y,z_50_y,HeII-4687_FLUX,HeII-4687_FLUX_ERR,NeV-3426_FLUX,NeV-3426_FLUX_ERR,Ha_FLUX_y,Ha_FLUX_ERR_y,Hb_FLUX_y,Hb_FLUX_ERR_y,NeIII-3867_FLUX_y,NeIII-3867_FLUX_ERR_y,OII_FLUX_y,OII_FLUX_ERR_y,OIII_FLUX_y,OIII_FLUX_ERR_y,DL,NeV_L_ERR,NeV_L,HeII_L_ERR,HeII_L,id3DHST,RA,DEC,ir_SFR-ladder_total,ir_SFR-ladder_total_Av,gf_n_j,gf_dn_j,gf_f_j,gf_re_j,gf_dre_j,td_Av,ACS_F435W_FLUX,ACS_F775W_FLUX,restalt_restUjohnson,restalt_restVjohnson,td_z_best,td_z_spec,td_z_best_s,td_z_peak_phot,td_lmass,ir_SFR-UV_corr,ir_SFR-UV_corr_Error,ir_SFR-IR,ir_UV_beta,restUjohnson,restVjohnson
GN1,37767,189.29601256,62.362755877,1.5181166536901984,3.3313491700449402,0.4567347843981791,1.52612311748945,0.454641884376928,-99.0,-99.0,3.23187438067096,0.432024655900504,0.496807568757852,0.264843339006064,1.4025668478091398,0.298862627937649,5.513787345590671,0.490556847205907,11296.190166871618,6.941061016439012e+40,2.329946720947112e+41,6.973013520702272e+40,5.0860025551835916e+41,37767,189.29602421,62.36274835,7.22404,4.795,0.9279,0.8233280000000001,0,0.12738,0.029608299999999997,0.2,0.22573000000000001,0.27626999999999996,-18.893320000000003,-19.329368,1.6203,-1.0,3,1.6203,9.08,7.22404,0.334908,-22.5509,-1.4866,,
GN2,19913,189.14832276,62.24000089900001,2.010370267224622,10.254366703106099,1.23824467766201,14.7211905615392,1.91158469086823,-99.0,-99.0,8.45312906279204,1.17207327468415,5.73072479459785,3.1428069575365605,5.294912673647071,1.68435626971645,43.629649145302096,1.40445347536979,15976.386947176465,5.837718029717117e+41,4.495650125810866e+42,3.7814297815419446e+41,3.131543251628802e+42,19913,189.14828999,62.24000378,836.334,836.334,7.3863,2.13349,1,1.8249400000000002,0.424138,0.9,0.83539,1.81505,-22.421223,-23.6744,2.005,2.005,1,1.9111,11.57,1099.85,36.7538,819.552,-0.9377,,
GN7,19913,189.14832276,62.24000089900001,2.010370267224622,10.254366703106099,1.23824467766201,14.7211905615392,1.91158469086823,-99.0,-99.0,8.45312906279204,1.17207327468415,5.73072479459785,3.1428069575365605,5.294912673647071,1.68435626971645,43.629649145302096,1.40445347536979,15976.386947176465,5.837718029717117e+41,4.495650125810866e+42,3.7814297815419446e+41,3.131543251628802e+42,19913,189.14828999,62.24000378,836.334,836.334,7.3863,2.13349,1,1.8249400000000002,0.424138,0.9,0.83539,1.81505,-22.421223,-23.6744,2.005,2.005,1,1.9111,11.57,1099.85,36.7538,819.552,-0.9377,,
GN2,20177,189.16946393,62.241354916000006,1.393534841633599,3.86817118594586,0.39333955205428495,11.5053981785291,1.81559830775368,-99.0,-99.0,7.0232388242024895,0.564119557996561,1.73293227146337,1.25120325138523,3.4323226224798904,0.8768578147076608,8.657331076061519,0.5505861344077541,10158.123301863105,2.2415021442961492e+41,1.4204339461001962e+42,4.85609314351587e+40,4.7755684562901336e+41,20177,53.220026399999995,-27.8174011,0.08922730000000001,0.08794,1.8947,1.4248100000000001,1,0.6917399999999999,0.307053,0.2,0.0384302,0.097398,,,0.7888,-1.0,3,0.7888,7.64,0.08922730000000001,0.00377758,-2.95951,-2.1108,-15.957566,-16.528747
GN2,21290,189.26806046,62.246179592,2.2164786062524704,1.52284133524926,0.7896820069109739,8.83993386311316,1.03551340169217,-99.0,-99.0,5.901042662462079,0.8097102151220639,6.72693887734339,1.06186835654426,7.71148800768648,1.15095632010372,75.80635188315341,1.1572383215869,18007.467502131556,4.017477308696104e+41,3.4296256955628296e+42,3.0637262044760518e+41,5.9081615931872675e+41,21290,189.26806908,62.24617887,269.557,269.557,8.0,2.0441,2,0.17274,0.025137700000000002,0.1,0.65354,0.68497,-21.467971,-22.57789,2.214,2.214,1,1.3993,10.52,364.967,2.5340599999999998,258.49,-0.6099,,
GN2,21290,189.26806046,62.246179592,2.2164786062524704,1.52284133524926,0.7896820069109739,8.83993386311316,1.03551340169217,-99.0,-99.0,5.901042662462079,0.8097102151220639,6.72693887734339,1.06186835654426,7.71148800768648,1.15095632010372,75.80635188315341,1.1572383215869,18007.467502131556,4.017477308696104e+41,3.4296256955628296e+42,3.0637262044760518e+41,5.9081615931872675e+41,21290,53.0426259,-27.811389600000002,0.00475576,0.015130000000000001,0.9194,0.280575,0,0.17535599999999998,0.016851599999999998,0.0,0.0557591,0.177404,,,0.3778,-1.0,3,0.3778,7.63,0.00475576,0.0008883989999999999,-0.09436699999999999,-0.7508,-12.640089999999999,-13.830387
GN4,21290,189.26806046,62.246179592,2.2164786062524704,1.52284133524926,0.7896820069109739,8.83993386311316,1.03551340169217,-99.0,-99.0,5.901042662462079,0.8097102151220639,6.72693887734339,1.06186835654426,7.71148800768648,1.15095632010372,75.80635188315341,1.1572383215869,18007.467502131556,4.017477308696104e+41,3.4296256955628296e+42,3.0637262044760518e+41,5.9081615931872675e+41,21290,189.26806908,62.24617887,269.557,269.557,8.0,2.0441,2,0.17274,0.025137700000000002,0.1,0.65354,0.68497,-21.467971,-22.57789,2.214,2.214,1,1.3993,10.52,364.967,2.5340599999999998,258.49,-0.6099,,
GN4,21290,189.26806046,62.246179592,2.2164786062524704,1.52284133524926,0.7896820069109739,8.83993386311316,1.03551340169217,-99.0,-99.0,5.901042662462079,0.8097102151220639,6.72693887734339,1.06186835654426,7.71148800768648,1.15095632010372,75.80635188315341,1.1572383215869,18007.467502131556,4.017477308696104e+41,3.4296256955628296e+42,3.0637262044760518e+41,5.9081615931872675e+41,21290,53.0426259,-27.811389600000002,0.00475576,0.015130000000000001,0.9194,0.280575,0,0.17535599999999998,0.016851599999999998,0.0,0.0557591,0.177404,,,0.3778,-1.0,3,0.3778,7.63,0.00475576,0.0008883989999999999,-0.09436699999999999,-0.7508,-12.640089999999999,-13.830387
GN2,21534,189.18347312,62.247397338999995,1.777281839014459,2.14960886786881,0.942854882647144,0.32397619739631,0.6413993055331619,-99.0,-99.0,2.02573236938413,0.8748643061769571,1.5876097541724,0.575690031802193,4.7647299991389005,0.536334892953355,1.32472302491099,0.9535060263687621,13727.192380370245,1.4460534797489683e+41,7.304138055019312e+40,2.125693888640663e+41,4.846356016704821e+41,21534,189.18347507,62.24739797,438.64300000000003,438.64300000000003,0.5863,0.500219,0,0.286698,0.06520190000000001,1.4,0.2804,0.7531100000000001,-21.608322,-22.489345999999998,2.095,2.095,1,1.7914,10.77,790.086,7.89215,429.63599999999997,-0.3037,,
GN2,21534,189.18347312,62.247397338999995,1.777281839014459,2.14960886786881,0.942854882647144,0.32397619739631,0.6413993055331619,-99.0,-99.0,2.02573236938413,0.8748643061769571,1.5876097541724,0.575690031802193,4.7647299991389005,0.536334892953355,1.32472302491099,0.9535060263687621,13727.192380370245,1.4460534797489683e+41,7.304138055019312e+40,2.125693888640663e+41,4.846356016704821e+41,21534,53.188245499999994,-27.809959999999997,0.623976,1.39,1.3169,0.864943,2,0.182856,0.0822648,0.0,0.0375851,0.0380233,,,1.2176,-1.0,3,1.2176,7.79,0.623976,0.0861442,-20.4725,-1.0202,-17.20456,-17.69049
GN2,19235,189.13854002,62.23644663100001,1.43080775818793,17.5356641496124,6.23463086844641,10.391536101930999,4.5466831254284905,-99.0,-99.0,11.6815008592099,4.03625907523494,-99.0,-99.0,6.81840775667204,18.573176381645897,-99.0,-99.0,10496.337678506523,5.993254289101516e+41,1.369770370953262e+42,8.218238914496534e+41,2.3114805117852524e+42,19235,189.13854439,62.23644449,10.8916,15.2,1.3894,0.132358,0,0.196104,0.00717835,0.0,0.9491,1.2456399999999999,-20.559438,-20.98358,1.3448,1.3448,1,1.3166,9.52,10.8916,1.5281,-16.5569,-1.4669,,
GN7,19235,189.13854002,62.23644663100001,1.43080775818793,17.5356641496124,6.23463086844641,10.391536101930999,4.5466831254284905,-99.0,-99.0,11.6815008592099,4.03625907523494,-99.0,-99.0,6.81840775667204,18.573176381645897,-99.0,-99.0,10496.337678506523,5.993254289101516e+41,1.369770370953262e+42,8.218238914496534e+41,2.3114805117852524e+42,19235,189.13854439,62.23644449,10.8916,15.2,1.3894,0.132358,0,0.196104,0.00717835,0.0,0.9491,1.2456399999999999,-20.559438,-20.98358,1.3448,1.3448,1,1.3166,9.52,10.8916,1.5281,-16.5569,-1.4669,,
GN3,33438,189.18287826981842,62.31273403231871,1.6832704988751241,2.05314939214091,1.03901206462678,0.129538227663445,1.07205477896448,-99.0,-99.0,3.0956779162080004,0.951785557687294,1.9881602110791798,1.02684506333443,10.5263916548049,0.9226988404131872,22.170570224177297,1.0138670201405602,12836.173157751435,2.1133943418563504e+41,2.5536508280151523e+40,2.0482556130422098e+41,4.047474432722222e+41,33438,189.1828641,62.31272664,14.232000000000001,10.04,0.3913,0.0202272,0,0.343584,0.00349823,0.0,0.48402,0.61351,-20.295579999999998,-20.752031,1.67915,-1.0,2,1.6532,9.3,14.232000000000001,0.522367,-21.4812,-1.6067,,
GN5,33438,189.18287826981842,62.31273403231871,1.6832704988751241,2.05314939214091,1.03901206462678,0.129538227663445,1.07205477896448,-99.0,-99.0,3.0956779162080004,0.951785557687294,1.9881602110791798,1.02684506333443,10.5263916548049,0.9226988404131872,22.170570224177297,1.0138670201405602,12836.173157751435,2.1133943418563504e+41,2.5536508280151523e+40,2.0482556130422098e+41,4.047474432722222e+41,33438,189.1828641,62.31272664,14.232000000000001,10.04,0.3913,0.0202272,0,0.343584,0.00349823,0.0,0.48402,0.61351,-20.295579999999998,-20.752031,1.67915,-1.0,2,1.6532,9.3,14.232000000000001,0.522367,-21.4812,-1.6067,,
GN3,34470,189.26023761,62.32050135,1.987366427448259,0.703438773323836,0.684148116806417,0.215307570698658,0.4726093714211129,-99.0,-99.0,1.4391257611336798,0.6363887018500051,1.44810697862376,1.08254656080224,5.22123086148179,0.41541863174682303,8.11006321406587,0.7666655269446608,15752.04474590116,1.4030354096589812e+41,6.391835708833271e+40,2.0310304690839878e+41,2.0882986398105284e+41,34470,189.26023735,62.32049803,20.546999999999997,26.23,1.5331,1.00177,0,0.23050199999999998,0.060916399999999996,0.0,0.8466600000000001,1.10619,-21.269826000000002,-21.774548,1.98918,-1.0,2,1.9614,9.83,20.546999999999997,2.23853,-24.8012,-1.5807,,
GN3,36512,189.21561906,62.33912736700001,1.360468720530498,0.8390691865255091,0.15846714983531798,3.0153621929162204,0.854029399831102,-99.0,-99.0,3.8669123674724,0.16785609027911802,0.801751095846753,0.39887096138480893,1.81696716300237,0.49479708879978096,6.07081856723683,0.203133766954888,9859.783216151573,9.933447101004834e+40,3.5072493803640565e+41,1.843174310448149e+40,9.75944081091664e+40,36512,189.21561767,62.33912339,10.8519,10.18,0.4129,0.32237,0,0.378396,0.058886400000000005,0.4,0.33432,0.46216999999999997,-20.165766,-20.908913000000002,1.6945,-1.0,3,1.6945,9.81,10.8519,0.746215,-21.1136,-1.3824,,
GN3,31128,189.21386551404782,62.297479248763764,1.8647337956901933,1.4202395521787199,0.7736327932895501,3.91994848950599,1.5355954750039598,-99.0,-99.0,2.8697501463957407,0.770783975755704,2.14403886248609,1.25517080898396,7.445150513547371,1.28603278552431,2.73783631154095,0.7776719275601959,14564.655132724014,3.897352289125651e+41,9.948857278829512e+41,1.9634855578497485e+41,3.604578132646719e+41,31128,189.21386281,62.29747679,322.599,322.599,1.1842,0.8711459999999999,0,0.332886,0.10827200000000001,1.3,0.25131,0.503,-20.751685000000002,-21.727018,1.53324,-1.0,2,1.6702,10.23,200.364,0.6806479999999999,318.969,-0.8853,,
GN5,31128,189.21386551404782,62.297479248763764,1.8647337956901933,1.4202395521787199,0.7736327932895501,3.91994848950599,1.5355954750039598,-99.0,-99.0,2.8697501463957407,0.770783975755704,2.14403886248609,1.25517080898396,7.445150513547371,1.28603278552431,2.73783631154095,0.7776719275601959,14564.655132724014,3.897352289125651e+41,9.948857278829512e+41,1.9634855578497485e+41,3.604578132646719e+41,31128,189.21386281,62.29747679,322.599,322.599,1.1842,0.8711459999999999,0,0.332886,0.10827200000000001,1.3,0.25131,0.503,-20.751685000000002,-21.727018,1.53324,-1.0,2,1.6702,10.23,200.364,0.6806479999999999,318.969,-0.8853,,
GN3,28073,189.25705597,62.28104838600002,1.751822994300403,1.68673783630751,1.3856455654900102,-99.0,-99.0,-99.0,-99.0,5.4776087560079,1.27699412964577,3.4880951097877304,1.9162937511332097,5.610546778697209,1.91274051984053,10.570229944961,1.3967574731903298,13484.926126304696,-2.1538961849519485e+43,-2.1538961849519485e+43,3.0146835325298156e+41,3.669755748118031e+41,28073,189.25705887,62.28104975,21.9615,21.18,0.3752,0.0020472999999999997,0,0.35891999999999996,0.000379505,0.2,1.50742,1.6030799999999998,-21.350773999999998,-21.685094,1.74,1.74,1,1.7411,9.73,21.9615,1.5636700000000001,-20.4725,-1.8519999999999999,,
GN4,28073,189.25705597,62.28104838600002,1.751822994300403,1.68673783630751,1.3856455654900102,-99.0,-99.0,-99.0,-99.0,5.4776087560079,1.27699412964577,3.4880951097877304,1.9162937511332097,5.610546778697209,1.91274051984053,10.570229944961,1.3967574731903298,13484.926126304696,-2.1538961849519485e+43,-2.1538961849519485e+43,3.0146835325298156e+41,3.669755748118031e+41,28073,189.25705887,62.28104975,21.9615,21.18,0.3752,0.0020472999999999997,0,0.35891999999999996,0.000379505,0.2,1.50742,1.6030799999999998,-21.350773999999998,-21.685094,1.74,1.74,1,1.7411,9.73,21.9615,1.5636700000000001,-20.4725,-1.8519999999999999,,
GN4,26304,189.3115321102167,62.27133179001452,1.631704534045434,7.2949787539291515,1.2037463147869398,1.64544693394842,0.96911889188191,46.21411824213511,8.76060372839409,1.2373237362336298,1.09499145208236,1.4808037464342498,0.661270846579095,6.99393854563828,0.725390004703568,13.3555106455479,1.1302491704331499,12351.752522906492,1.7689951906832827e+41,3.0035403675052856e+41,2.1972757517147837e+41,1.3315995013550802e+42,26304,189.31152864,62.27133299,85.9801,85.9801,2.6519,0.806954,0,0.36963,0.06833489999999999,1.1,0.83762,1.43379,-21.019655,-21.923965,1.5219999999999998,1.5219999999999998,1,1.5877,10.54,80.0596,4.7563699999999995,78.5466,-1.1361,,
GN7,19341,189.08746705,62.236722111000006,1.868149721128366,0.284129634911172,0.22988604883771704,1.01969612945375,0.7677322388261469,-99.0,-99.0,0.407249263491089,0.22435757798426897,0.978387652503232,0.46573860993776395,1.1444211195307,0.6249361255167579,3.43358515452716,0.266174835711254,14597.528145208391,1.9573155650950433e+41,2.599691669713716e+41,5.860891582151681e+40,7.24381924831927e+40,19341,189.08746709,62.23672034,11.395,7.749,3.2161,3.3784199999999998,2,0.050052,0.0197405,0.3,0.37034,0.7331,-21.018663,-22.312876,1.87054,-1.0,2,1.6511,10.54,11.395,0.0544596,-20.6135,-1.5855,,
GN7,18180,189.09795842,62.23176246700001,1.6703727901896968,0.641422275407985,0.41007232068012905,-99.0,-99.0,-99.0,-99.0,0.9850209412250771,0.37503511116537497,1.97560232956339,0.649281368320005,5.6052461362801385,0.6591373185334181,8.39906443188203,0.39821899105201897,12714.715566522163,-1.914877174358704e+43,-1.914877174358704e+43,7.931698249562438e+40,1.2406513881858308e+41,18180,189.09796113,62.23176061,11.9847,11.12,0.7422,0.160101,0,0.30468,0.0195403,0.4,0.47128000000000003,0.59183,-20.384891,-20.821223,1.67113,-1.0,2,1.6301,9.53,11.9847,0.13811400000000001,-21.668000000000003,-1.5302,,
GN7,17179,189.09980933,62.22680000699999,1.380230335335108,0.452271563166625,0.373276157252552,-99.0,-99.0,2.5320730499477597,0.287049924255842,0.36839595550515897,0.47305366035972296,0.681090030328657,0.599267426093812,0.9465371019575242,0.639394425497626,1.9388966037026998,0.474145528674588,10037.887788449902,-1.1934721710491456e+43,-1.1934721710491456e+43,4.499946523202884e+40,5.452257822184472e+40,17179,189.09981032,62.22679985,2.00275,1.922,1.2114,0.475587,0,0.186138,0.020981299999999998,0.1,0.22509,0.29223000000000005,-19.214788000000002,-19.920198000000003,1.3192,-1.0,3,1.3192,9.34,2.00275,0.061797000000000005,-18.448,-1.8336,,
GN7,17179,189.09980933,62.22680000699999,1.380230335335108,0.452271563166625,0.373276157252552,-99.0,-99.0,2.5320730499477597,0.287049924255842,0.36839595550515897,0.47305366035972296,0.681090030328657,0.599267426093812,0.9465371019575242,0.639394425497626,1.9388966037026998,0.474145528674588,10037.887788449902,-1.1934721710491456e+43,-1.1934721710491456e+43,4.499946523202884e+40,5.452257822184472e+40,17179,53.16387579999999,-27.832344899999995,0.152305,0.5558,0.2469,0.0816397,0,0.14916600000000002,0.020983500000000002,0.5,0.038783,0.09309450000000001,,,0.9426,-1.0,3,0.9426,8.18,0.152305,0.021674099999999998,-2.95951,-0.6155,-15.890844,-16.669797
GN7,15127,189.173707,62.216187483,1.6480313885966882,3.0311234201778197,0.6238896928847341,0.945373282072166,0.8022962126255971,30.5106875784865,4.56247407968332,6.547568697471349,0.5754737916198679,0.882105368737291,0.6560503629111128,4.3620058881214705,0.5441932833141331,12.1337861345172,0.6256739931727461,12504.789039075371,1.5009972965336876e+41,1.7686768531059973e+41,1.167220694325064e+41,5.670858203677e+41,15127,189.17371066,62.21618374,16.2087,20.48,1.1615,0.919385,0,0.196866,0.050698900000000005,0.4,0.9776299999999999,1.23543,-20.994324,-21.541388,1.6464,1.6464,1,1.6666,9.94,16.2087,1.3146799999999998,-22.0241,-1.5662,,
GN7,15127,189.173707,62.216187483,1.6480313885966882,3.0311234201778197,0.6238896928847341,0.945373282072166,0.8022962126255971,30.5106875784865,4.56247407968332,6.547568697471349,0.5754737916198679,0.882105368737291,0.6560503629111128,4.3620058881214705,0.5441932833141331,12.1337861345172,0.6256739931727461,12504.789039075371,1.5009972965336876e+41,1.7686768531059973e+41,1.167220694325064e+41,5.670858203677e+41,15127,53.0494152,-27.8419022,1.06633,3.3930000000000002,1.2759,0.0468967,0,0.11958599999999998,0.00154146,0.6,0.702458,2.0946599999999997,,,0.5181,0.5181,1,0.5209,8.98,1.06633,0.143531,-1.1666299999999998,-0.7237,-18.036564000000002,-18.865354
GN7,12435,189.1374505,62.20380927400004,1.9827998535554052,1.61676424830996,0.6993258739598179,0.566537243606411,0.506378424382061,-99.0,-99.0,1.4985490685851899,0.6460922692774,1.59391764395683,1.23268837694217,4.39188265660869,0.428717749021239,4.133879550846411,0.7013778302632231,15707.568646472046,1.4948084873429347e+41,1.6723948718237211e+41,2.0643815010272467e+41,4.7726222209319784e+41,12435,189.13745339,62.20380722,12.7839,11.36,0.5753,0.060315,0,0.30111,0.00666923,0.4,0.36762,0.52356,-20.476383,-20.959616,1.9787400000000002,-1.0,2,1.954,9.61,12.7839,0.63737,-24.4397,-1.5662,,
GN7,10964,189.14307684,62.196681541,1.5078722034416832,2.25639945554719,0.7052151228742529,0.35896522938543896,1.00954421605325,3.8067946272095696,0.47664019747531505,0.7526102030589881,0.6325407397476001,1.3069583007658898,0.736464844550376,4.8922247805320795,0.8223371364835541,9.041815035143511,0.7130940744499341,11201.80382517862,1.5156317676189487e+41,5.389155784123645e+40,1.0587415848035918e+41,3.3875392884079823e+41,10964,189.14307942,62.19668000000001,4.51697,3.985,0.9358,0.105551,0,0.158388,0.00408021,0.0,0.35498,0.36648000000000003,-19.525852,-19.991598,1.5178,-1.0,3,1.5178,9.16,4.51697,0.161406,-21.7027,-1.8143,,
GN7,19464,189.08706093,62.237621084,2.087625181329412,1.5029636507913302,0.513339733792971,4.57016069800563,1.3519956512459401,-99.0,-99.0,1.23150188055167,0.4928946562564871,3.83036612899589,0.9400759758961772,4.712521389420361,0.8327263338709949,8.740661964195,0.543126253197519,16733.348188310243,4.529324325864217e+41,1.5310507843356978e+42,1.7197408449934525e+41,5.035082633694461e+41,19464,189.08706393,62.23762076,102.014,102.014,2.4157,1.19208,0,0.4059,0.133026,0.8,0.30903,0.75754,-21.338376,-22.657364,2.08793,-1.0,2,1.4984,10.97,251.657,11.4097,92.1504,-0.3037,,
GN7,21898,189.12147181,62.249754889999984,1.9159442051065099,0.903063576749908,0.27397878897142897,-99.0,-99.0,-99.0,-99.0,1.09588547732685,0.261567404075359,1.16010125284188,0.7850903578612239,6.1323047932981885,0.92247225107647,0.4437999484988121,0.31077270246067895,15058.707691076912,-2.6859815804173726e+43,-2.6859815804173726e+43,7.433353339417338e+40,2.450113265753619e+41,21898,189.121479,62.24973484,0.0,8.285,0.2,0.00310096,2,0.700176,0.00226774,1.2,0.17842,0.3269,-19.779683,-20.498312,1.7068,-1.0,3,1.7068,9.76,0.0,0.0,0.0,-1.0414,,
GS4,24763,53.151610263,-27.796426176999997,1.773948988611268,1.7588167635413998,0.819281795072133,0.488552667378927,1.12989206303908,-99.0,-99.0,3.2147172022861303,0.7412031434481999,1.69030001360883,1.16226414940691,8.19277770773883,0.9153862255286899,8.37537237140835,0.7995940441939341,13695.436782069773,2.5356024470960484e+41,1.096366086163456e+41,1.838558737069642e+41,3.94697886241801e+41,24763,189.25283294,62.26374729,1.8321599999999998,2.234,0.2,0.0415393,2,0.406074,0.0293324,0.0,0.09971000000000001,0.11602,-18.584818,-18.957272,1.8687,-1.0,3,1.8687,8.92,1.8321599999999998,0.20014200000000001,-22.4295,-1.6751,,
GS4,25465,53.151253748,-27.792403374000003,1.8470487132730902,0.4010834786047439,0.282139658661676,0.40450613476249203,0.405836677483128,-99.0,-99.0,1.94590751709167,0.27313333111949695,0.7295425954898579,0.29133593100196004,5.110904691518691,0.351224415467621,13.7667898383303,0.32587830374894394,14394.654200796176,1.006111691614075e+41,1.0028131366492404e+41,6.994538073984644e+40,9.943280130324174e+40,25465,189.33832569,62.26689529,2.76057,2.7230000000000003,1.8659999999999999,0.180898,0,0.102336,0.00381487,0.0,0.14288,0.17496,-19.471981,-19.887202,1.8269,-1.0,3,1.8269,8.77,2.76057,0.12879100000000002,-35.4557,-1.9694,,
